{
    "slides":[
        {
            "src":"https://static.toiimg.com/thumb/msid-100848210,imgsize-58226,width-400,resizemode-4/100848210.jpg",
            "alt":"Slider img 1"
        },
        {
            "src":"https://static.toiimg.com/thumb/msid-100846119,imgsize-258465,width-400,resizemode-4/100846119.jpg",
            "alt":"Slider img 2"
        },
        {
            "src":"https://static.toiimg.com/thumb/msid-100781169,imgsize-1045765,width-400,resizemode-4/100781169.jpg",
            "alt":"Slider img 3"
        },
        {
            "src":"https://static.toiimg.com/thumb/msid-100799156,imgsize-42950,width-400,resizemode-4/100799156.jpg",
            "alt":"Slider img 4"
        } 
    ]
}